student_id,first_name,last_name,date_of_birth,email
1,Christopher,Estrada,2005-09-20,jason10@yahoo.com
2,Michael,Hill,2005-06-02,cturner@patrick-guzman.com
3,Tina,Hutchinson,2008-08-10,connercharles@hotmail.com
4,Jasmine,Cook,2008-11-22,alvaradobrandi@yahoo.com
5,Michael,Smith,2009-03-27,john59@liu-reed.com
6,Jessica,Gross,2008-10-10,daniel80@hotmail.com
7,Brian,Patel,2008-03-29,kperez@tyler-fernandez.info
8,Christine,Graham,2007-03-26,douglas65@snyder.com
9,Matthew,Rasmussen,2008-10-22,dannyblankenship@gmail.com
10,Randall,Mosley,2007-10-05,david39@gmail.com
11,Michael,Mcdaniel,2007-12-14,caldwellmichelle@hotmail.com
12,Eric,Brown,2006-04-09,jacksoncharles@yahoo.com
13,Emily,Hernandez,2008-01-31,vvasquez@hotmail.com
14,Chad,Sharp,2009-03-12,andrewjones@yahoo.com
15,Taylor,Davis,2008-05-05,davidmercer@moore-olson.com
16,Mario,Harris,2005-10-08,hoodmark@hotmail.com
17,Jennifer,Roman,2006-06-04,xsawyer@smith.com
18,Matthew,Sanchez,2008-07-25,emilyrowe@gmail.com
19,Emily,Kramer,2007-01-30,joanwallace@hotmail.com
20,Cheryl,Foster,2007-11-17,allen10@young.com
21,Adam,Williams,2008-03-17,thaley@montgomery.com
22,Daniel,Richardson,2006-08-17,vross@hotmail.com
23,Mark,Morales,2007-05-15,fhoffman@yahoo.com
24,Tina,Rodriguez,2007-08-11,gsalinas@gmail.com
25,Anna,Tapia,2005-10-31,raymondholt@gmail.com
26,Ryan,Dougherty,2006-10-22,josephharris@hotmail.com
27,Christopher,Wilson,2009-01-09,moorejames@hotmail.com
28,Rebecca,Brown,2007-11-03,chahn@benton.info
29,Noah,Ford,2008-04-02,colleen39@yahoo.com
30,Matthew,Stevenson,2007-06-25,robert98@gmail.com
31,Chloe,Williamson,2006-02-13,sean51@webster.com
32,Melissa,Meyers,2007-04-07,gouldchristopher@chen-burton.com
33,Richard,Hunt,2007-03-07,lfoster@miller.com
34,Michael,Smith,2008-08-15,rstewart@gmail.com
35,John,Webster,2007-06-17,paul92@hopkins-zimmerman.com
36,Pamela,Webb,2006-11-07,april06@yahoo.com
37,Sharon,Green,2006-02-06,candacesullivan@yahoo.com
38,Richard,Clark,2005-12-09,markhernandez@donovan.com
39,Paul,Johnson,2009-01-30,kyle89@hamilton.com
40,Mark,Faulkner,2006-07-02,cramos@yahoo.com
41,Tanner,Romero,2008-09-12,romeroamanda@wilson.info
42,Colin,Garcia,2007-07-13,caseylopez@hampton-reyes.com
43,Meghan,Banks,2007-01-21,christybanks@taylor.info
44,Edward,Vargas,2007-07-01,mryan@williams-wright.info
45,Thomas,Watkins,2006-04-17,conleystephanie@yahoo.com
46,Kathy,Duncan,2008-05-06,ayalawilliam@gmail.com
47,Kyle,Williams,2007-03-05,jeffreycantu@norman.com
48,Jennifer,Haley,2008-12-12,briannaking@yahoo.com
49,Ryan,Pugh,2006-03-10,ktaylor@young-burns.com
50,Christopher,Wright,2008-09-24,matthewbarrera@floyd.net
51,Reginald,Gardner,2008-03-06,wileyrose@christensen.com
52,Danielle,Scott,2008-10-20,jodi83@yahoo.com
53,Stephanie,Chandler,2006-11-05,jamesclark@hotmail.com
54,Melanie,Jimenez,2009-01-15,williamgutierrez@wright-moore.net
55,Cody,Lawson,2005-11-26,michaeljones@hotmail.com
56,Katherine,Woods,2009-01-06,uharris@mcdaniel-perez.org
57,Dennis,Wiley,2007-09-10,joseph23@cannon.biz
58,Andrew,Nicholson,2007-09-25,gabriel93@gmail.com
59,Thomas,Wood,2006-01-05,lblackburn@hotmail.com
60,Mary,Wilson,2005-09-13,abigail60@miller.com
61,Jordan,Sims,2008-02-25,chenderson@hotmail.com
62,Melissa,Hughes,2008-09-13,jillian42@yahoo.com
63,Jason,Wheeler,2006-12-21,williamsbrittney@hotmail.com
64,Jessica,Love,2008-10-19,ntrevino@hotmail.com
65,Melissa,Owens,2008-01-14,housethomas@hill.com
66,Todd,Hickman,2006-08-26,wmiller@mercado.com
67,Valerie,Medina,2007-09-25,allenderek@neal-benson.com
68,Patrick,Dickson,2008-11-07,benjaminyang@gonzalez-clark.com
69,Mark,Hall,2006-03-03,wilkinsonvalerie@yahoo.com
70,Christine,Lewis,2005-09-14,cory42@hotmail.com
71,Jacqueline,Flores,2008-12-18,mario60@yahoo.com
72,Jennifer,Miller,2007-09-18,aalexander@hotmail.com
73,Preston,Allen,2005-11-25,humphreyandrew@gmail.com
74,Timothy,Baker,2007-09-30,juliejackson@hotmail.com
75,John,Avila,2006-09-23,ghensley@smith.com
76,Bradley,Wells,2007-08-12,matthew74@hotmail.com
77,Rebecca,Combs,2006-11-29,toconnor@roberts-turner.info
78,Sarah,Powers,2008-04-28,bowmanjames@hotmail.com
79,Andrea,Ward,2006-11-21,karen09@gmail.com
80,Sarah,Brown,2009-03-04,mary31@yahoo.com
81,Jessica,White,2007-01-14,eric95@smith.com
82,Grant,Turner,2007-01-22,howard23@green.net
83,Bradley,Mcgee,2006-10-29,shayes@good.com
84,Marissa,Woods,2008-08-27,rebeccamadden@becker-rush.org
85,Becky,Turner,2006-08-18,pponce@hotmail.com
86,Kelsey,Wall,2006-04-17,amber15@hotmail.com
87,Sandra,Reed,2008-06-23,jasonmurphy@yahoo.com
88,Tyler,Duncan,2009-04-24,cherylortiz@yahoo.com
89,Michael,Burch,2007-08-25,gaywilliam@yahoo.com
90,Donna,Sanchez,2006-04-18,brianfletcher@white.info
91,Jessica,Strong,2008-12-16,tonya27@white-stark.com
92,Lori,Gross,2008-01-30,amy16@foster.info
93,Lisa,Ferguson,2007-10-09,johnsonchristina@keller.com
94,Nancy,Garcia,2007-06-20,melissabrown@hotmail.com
95,Vincent,Decker,2009-02-17,reynoldsnatalie@mcintosh.net
96,Shannon,Ryan,2006-05-09,eric62@martin.com
97,Charles,Mitchell,2008-03-05,edwardmitchell@hernandez-moran.com
98,Ryan,Howard,2007-01-07,jeremygonzalez@rogers.net
99,Jon,Friedman,2008-01-01,william35@woods-smith.com
100,Ashley,Salazar,2008-02-25,carterkeith@robinson-johnson.com
